Workbook
Name Disease_Subtype: [1]Engine!$R$15:$R$18
Name Onset_lognormal_mu_DOK7: [1]Parameter!$J$30
Name Onset_lognormal_sigma_DOK7: [1]Parameter!$J$31

Sheet Helper
C1: Helper Sheet
D5: Cholesky factor calculation based on model-based variance
E7: Deterministic input | F7: (Co-)variance | G7: Cholesky factor
D8: mu | E8: -1.536558 | F8: 0.0568 | G8: =SQRT(F8) -> 0.23832751
D9: sigma | E9: 2.910571 | F9: 0.0284 | G9: =F10/G8 -> 0
F10: 0 | G10: =SQRT((F9-G9^2)) -> 0.168523
D14: Footnote: The deterministic input (i.e., point estimate of the parameterization of the log-normal model) and the covariance were both extracted from the model output. The Cholesky factor was calculated using the incell formula.

Sheet Parameter
C1: Parameter Sheet
D3: Parameter uncertainty
D5: Parameter name | E5: Probabilistic input | F5: Probability dist | G5: Deterministic input
D6: Onset lognormal mu | E6: =_xlfn.NORM.S.INV(RAND())*Helper!G8 + Parameter!G6 -> -1.2943384 | F6: Multivariate normal | G6: -1.536558
D7: Onset lognormal sigma | E7: =_xlfn.NORM.S.INV(RAND())*Helper!G9 + _xlfn.NORM.S.INV(RAND())*Helper!G10 + Parameter!G7 -> 2.7538795 | F7: Multivariate normal | G7: 2.910571
D11: Footnote: The deterministic input (i.e., the point estimate of the parameterization of the log-normal model) was extracted from the model output. The probabilistic input was calculated based on the incell formula and the Cholesky factor in the Helper sheet.

Sheet Check
C1: Validation Sheet
D5: Validation of age-specific cumulative proportions based on probabilistic model parameters | R5: Age-specific cumulative proportions of randomly sampled model parameters
D7: Age | E7: Deterministic cumulative proportion | F7: Upper 95% credible interval | G7: Lower 95% credible interval | R7: Probabilistic cumulative proportion | S7: 1 | T7: 2 | U7: 3 | V7: 4 | W7: 5 | X7: 6 | Y7: 7 | Z7: 8 | AA7: 9 | AB7: 10 | AC7: 11 | AD7: 12 | AE7: 13 | AF7: 14 | AG7: 15 | AH7: 16 | AI7: 17 | AJ7: 18 | AK7: 19 | AL7: 20 | AM7: 21 | AN7: 22 | AO7: 23 | AP7: 24 | AQ7: 25 | AR7: 26 | AS7: 27 | AT7: 28 | AU7: 29 | AV7: 30 | AW7: 31 | AX7: 32 | AY7: 33 | AZ7: 34 | BA7: 35 | BB7: 36 | BC7: 37 | BD7: 38 | BE7: 39 | BF7: 40 | BG7: 41 | BH7: 42 | BI7: 43 | BJ7: 44 | BK7: 45 | BL7: 46 | BM7: 47 | BN7: 48 | BO7: 49 | BP7: 50 | BQ7: 51 | BR7: 52 | BS7: 53 | BT7: 54 | BU7: 55 | BV7: 56 | BW7: 57 | BX7: 58 | BY7: 59 | BZ7: 60 | CA7: 61 | CB7: 62 | CC7: 63 | CD7: 64 | CE7: 65 | CF7: 66 | CG7: 67 | CH7: 68 | CI7: 69 | CJ7: 70 | CK7: 71 | CL7: 72 | CM7: 73 | CN7: 74 | CO7: 75 | CP7: 76 | CQ7: 77 | CR7: 78 | CS7: 79 | CT7: 80 | CU7: 81 | CV7: 82 | CW7: 83 | CX7: 84 | CY7: 85 | CZ7: 86 | DA7: 87 | DB7: 88 | DC7: 89 | DD7: 90 | DE7: 91 | DF7: 92 | DG7: 93 | DH7: 94 | DI7: 95 | DJ7: 96 | DK7: 97 | DL7: 98 | DM7: 99 | DN7: 100
D8: 0 | E8: =1-IFERROR(_xlfn.LOGNORM.DIST(D8,Parameter!$G$6,Parameter!$G$7,TRUE),0) -> 1 | F8: =_xlfn.PERCENTILE.INC(S8:DN8,0.975) -> 1 | G8: =_xlfn.PERCENTILE.INC(S8:DN8,0.025) -> 1 | R8: =1-IFERROR(_xlfn.LOGNORM.DIST($D8,Parameter!$E$6,Parameter!$E$7,TRUE),0) -> 1 | S8: 1 | T8: 1 | U8: 1 | V8: 1 | W8: 1 | X8: 1 | Y8: 1 | Z8: 1 | AA8: 1 | AB8: 1 | AC8: 1 | AD8: 1 | AE8: 1 | AF8: 1 | AG8: 1 | AH8: 1 | AI8: 1 | AJ8: 1 | AK8: 1 | AL8: 1 | AM8: 1 | AN8: 1 | AO8: 1 | AP8: 1 | AQ8: 1 | AR8: 1 | AS8: 1 | AT8: 1 | AU8: 1 | AV8: 1 | AW8: 1 | AX8: 1 | AY8: 1 | AZ8: 1 | BA8: 1 | BB8: 1 | BC8: 1 | BD8: 1 | BE8: 1 | BF8: 1 | BG8: 1 | BH8: 1 | BI8: 1 | BJ8: 1 | BK8: 1 | BL8: 1 | BM8: 1 | BN8: 1 | BO8: 1 | BP8: 1 | BQ8: 1 | BR8: 1 | BS8: 1 | BT8: 1 | BU8: 1 | BV8: 1 | BW8: 1 | BX8: 1 | BY8: 1 | BZ8: 1 | CA8: 1 | CB8: 1 | CC8: 1 | CD8: 1 | CE8: 1 | CF8: 1 | CG8: 1 | CH8: 1 | CI8: 1 | CJ8: 1 | CK8: 1 | CL8: 1 | CM8: 1 | CN8: 1 | CO8: 1 | CP8: 1 | CQ8: 1 | CR8: 1 | CS8: 1 | CT8: 1 | CU8: 1 | CV8: 1 | CW8: 1 | CX8: 1 | CY8: 1 | CZ8: 1 | DA8: 1 | DB8: 1 | DC8: 1 | DD8: 1 | DE8: 1 | DF8: 1 | DG8: 1 | DH8: 1 | DI8: 1 | DJ8: 1 | DK8: 1 | DL8: 1 | DM8: 1 | DN8: 1
D9: 1 | E9: =1-IFERROR(_xlfn.LOGNORM.DIST(D9,Parameter!$G$6,Parameter!$G$7,TRUE),0) -> 0.29877632 | F9: =_xlfn.PERCENTILE.INC(S9:DN9,0.975) -> 0.42279239 | G9: =_xlfn.PERCENTILE.INC(S9:DN9,0.025) -> 0.19529768 | R9: =1-IFERROR(_xlfn.LOGNORM.DIST($D9,Parameter!$E$6,Parameter!$E$7,TRUE),0) -> 0.31917555 | S9: 0.19291856 | T9: 0.22675425 | U9: 0.37019857 | V9: 0.37457935 | W9: 0.23870759 | X9: 0.29850669 | Y9: 0.21461574 | Z9: 0.23900349 | AA9: 0.32987109 | AB9: 0.38884471 | AC9: 0.28890239 | AD9: 0.28510848 | AE9: 0.2913778 | AF9: 0.32950329 | AG9: 0.40937073 | AH9: 0.28363452 | AI9: 0.21477856 | AJ9: 0.24487411 | AK9: 0.28433068 | AL9: 0.25917486 | AM9: 0.24447128 | AN9: 0.37255438 | AO9: 0.24586456 | AP9: 0.26466944 | AQ9: 0.24499549 | AR9: 0.3215943 | AS9: 0.29431416 | AT9: 0.32466951 | AU9: 0.37085821 | AV9: 0.34624735 | AW9: 0.26853732 | AX9: 0.23753424 | AY9: 0.35137948 | AZ9: 0.27071095 | BA9: 0.40730357 | BB9: 0.28452286 | BC9: 0.38464592 | BD9: 0.21519111 | BE9: 0.32302197 | BF9: 0.24587792 | BG9: 0.38948778 | BH9: 0.29596634 | BI9: 0.27240609 | BJ9: 0.32068341 | BK9: 0.26154984 | BL9: 0.38540746 | BM9: 0.31822809 | BN9: 0.30782839 | BO9: 0.29159213 | BP9: 0.34708221 | BQ9: 0.26312421 | BR9: 0.28886037 | BS9: 0.24744224 | BT9: 0.40587056 | BU9: 0.22301159 | BV9: 0.3827224 | BW9: 0.30752442 | BX9: 0.39621913 | BY9: 0.32905872 | BZ9: 0.32727804 | CA9: 0.18120816 | CB9: 0.4364291 | CC9: 0.3515585 | CD9: 0.33392754 | CE9: 0.29337019 | CF9: 0.27799524 | CG9: 0.31870942 | CH9: 0.22101059 | CI9: 0.18196615 | CJ9: 0.34584468 | CK9: 0.25206892 | CL9: 0.30655415 | CM9: 0.21119573 | CN9: 0.29359774 | CO9: 0.35675223 | CP9: 0.26145568 | CQ9: 0.28868851 | CR9: 0.26227327 | CS9: 0.19998008 | CT9: 0.4414713 | CU9: 0.21408934 | CV9: 0.29713791 | CW9: 0.3231439 | CX9: 0.19842045 | CY9: 0.38625676 | CZ9: 0.26563008 | DA9: 0.25193526 | DB9: 0.4349358 | DC9: 0.33802242 | DD9: 0.38427314 | DE9: 0.31682082 | DF9: 0.24657101 | DG9: 0.31376336 | DH9: 0.34586277 | DI9: 0.27616236 | DJ9: 0.27770958 | DK9: 0.2406841 | DL9: 0.19792723 | DM9: 0.25312819 | DN9: 0.21774732
D10: 2 | E10: =1-IFERROR(_xlfn.LOGNORM.DIST(D10,Parameter!$G$6,Parameter!$G$7,TRUE),0) -> 0.22181691 | F10: =_xlfn.PERCENTILE.INC(S10:DN10,0.975) -> 0.32378168 | G10: =_xlfn.PERCENTILE.INC(S10:DN10,0.025) -> 0.13078003 | R10: =1-IFERROR(_xlfn.LOGNORM.DIST($D10,Parameter!$E$6,Parameter!$E$7,TRUE),0) -> 0.23523827 | S10: 0.13231965 | T10: 0.15418418 | U10: 0.27721117 | V10: 0.29752623 | W10: 0.17232475 | X10: 0.20857208 | Y10: 0.1426017 | Z10: 0.17674962 | AA10: 0.25612338 | AB10: 0.29549774 | AC10: 0.21135405 | AD10: 0.20885301 | AE10: 0.21542713 | AF10: 0.24989314 | AG10: 0.29642525 | AH10: 0.21719042 | AI10: 0.14662264 | AJ10: 0.1655734 | AK10: 0.2215689 | AL10: 0.18993234 | AM10: 0.15593945 | AN10: 0.29685489 | AO10: 0.17272046 | AP10: 0.20182033 | AQ10: 0.18359849 | AR10: 0.23033298 | AS10: 0.21790083 | AT10: 0.25113639 | AU10: 0.2948848 | AV10: 0.25779383 | AW10: 0.20677925 | AX10: 0.15974257 | AY10: 0.25522991 | AZ10: 0.19909562 | BA10: 0.30863278 | BB10: 0.20267592 | BC10: 0.2913949 | BD10: 0.15743297 | BE10: 0.24550988 | BF10: 0.16069919 | BG10: 0.29546008 | BH10: 0.2254518 | BI10: 0.20526634 | BJ10: 0.2445943 | BK10: 0.19536836 | BL10: 0.29525302 | BM10: 0.24245814 | BN10: 0.22008939 | BO10: 0.21942602 | BP10: 0.28187005 | BQ10: 0.19826216 | BR10: 0.20603632 | BS10: 0.18532812 | BT10: 0.31433282 | BU10: 0.13989443 | BV10: 0.31402061 | BW10: 0.22845628 | BX10: 0.30586406 | BY10: 0.26015322 | BZ10: 0.23291906 | CA10: 0.1015803 | CB10: 0.35364491 | CC10: 0.26168773 | CD10: 0.25910149 | CE10: 0.22234244 | CF10: 0.20483772 | CG10: 0.23527268 | CH10: 0.14388725 | CI10: 0.12781731 | CJ10: 0.27152368 | CK10: 0.17121209 | CL10: 0.2210601 | CM10: 0.14364832 | CN10: 0.22484188 | CO10: 0.27917476 | CP10: 0.17867253 | CQ10: 0.21302158 | CR10: 0.18889361 | CS10: 0.12938704 | CT10: 0.33363596 | CU10: 0.13580841 | CV10: 0.22710503 | CW10: 0.2488115 | CX10: 0.13908683 | CY10: 0.30682144 | CZ10: 0.17301648 | DA10: 0.19154324 | DB10: 0.33233065 | DC10: 0.24084258 | DD10: 0.28023099 | DE10: 0.23670698 | DF10: 0.17990032 | DG10: 0.24567215 | DH10: 0.26879766 | DI10: 0.19934927 | DJ10: 0.19448342 | DK10: 0.17337123 | DL10: 0.13639734 | DM10: 0.17561081 | DN10: 0.13942722
D11: 3 | E11: =1-IFERROR(_xlfn.LOGNORM.DIST(D11,Parameter!$G$6,Parameter!$G$7,TRUE),0) -> 0.18263228 | F11: =_xlfn.PERCENTILE.INC(S11:DN11,0.975) -> 0.2761693 | G11: =_xlfn.PERCENTILE.INC(S11:DN11,0.025) -> 0.10115509 | R11: =1-IFERROR(_xlfn.LOGNORM.DIST($D11,Parameter!$E$6,Parameter!$E$7,TRUE),0) -> 0.1924405 | S11: 0.1037013 | T11: 0.11978759 | U11: 0.22870128 | V11: 0.25610128 | W11: 0.1395768 | X11: 0.16434741 | Y11: 0.10907966 | Z11: 0.1455921 | AA11: 0.21735609 | AB11: 0.24616865 | AC11: 0.17229671 | AD11: 0.17045632 | AE11: 0.17692014 | AF11: 0.20855688 | AG11: 0.23778591 | AH11: 0.18290543 | AI11: 0.11434301 | AJ11: 0.12792851 | AK11: 0.18886854 | AL11: 0.15529002 | AM11: 0.11544616 | AN11: 0.25611871 | AO11: 0.13716049 | AP11: 0.16960936 | AQ11: 0.15258607 | AR11: 0.18450587 | AS11: 0.17909939 | AT11: 0.21260685 | AU11: 0.25405884 | AV11: 0.21210288 | AW11: 0.17492591 | AX11: 0.12301567 | AY11: 0.20614297 | AZ11: 0.16308702 | BA11: 0.25627039 | BB11: 0.16213087 | BC11: 0.24225345 | BD11: 0.12887524 | BE11: 0.20528483 | BF11: 0.12110966 | BG11: 0.24580513 | BH11: 0.18906248 | BI11: 0.17102309 | BJ11: 0.20505755 | BK11: 0.16186969 | BL11: 0.24747155 | BM11: 0.20313452 | BN11: 0.17624801 | BO11: 0.1824732 | BP11: 0.24667888 | BQ11: 0.16525516 | BR11: 0.16492661 | BS11: 0.15394558 | BT11: 0.26527376 | BU11: 0.10253473 | BV11: 0.27646518 | BW11: 0.18809132 | BX11: 0.25764926 | BY11: 0.22360465 | BZ11: 0.18562756 | CA11: 0.068870762 | CB11: 0.3079956 | CC11: 0.21520024 | CD11: 0.21974077 | CE11: 0.18581324 | CF11: 0.16794552 | CG11: 0.19269795 | CH11: 0.10839087 | CI11: 0.1019264 | CJ11: 0.23207902 | CK11: 0.1326416 | CL11: 0.17814717 | CM11: 0.11176235 | CN11: 0.18927761 | CO11: 0.23795406 | CP11: 0.13892878 | CQ11: 0.1747275 | CR11: 0.15252502 | CS11: 0.097224579 | CT11: 0.27584226 | CU11: 0.10045723 | CV11: 0.19088792 | CW11: 0.20997091 | CX11: 0.11063508 | CY11: 0.26398418 | CZ11: 0.12980916 | DA11: 0.16073406 | DB11: 0.27718298 | DC11: 0.19194938 | DD11: 0.22646069 | DE11: 0.19557927 | DF11: 0.14673609 | DG11: 0.2098629 | DH11: 0.22810279 | DI11: 0.16108851 | DJ11: 0.15374455 | DK11: 0.14019154 | DL11: 0.10721299 | DM11: 0.13813743 | DN11: 0.10380178
D12: 4 | E12: =1-IFERROR(_xlfn.LOGNORM.DIST(D12,Parameter!$G$6,Parameter!$G$7,TRUE),0) -> 0.1576364 | F12: =_xlfn.PERCENTILE.INC(S12:DN12,0.975) -> 0.2395943 | G12: =_xlfn.PERCENTILE.INC(S12:DN12,0.025) -> 0.080291003 | R12: =1-IFERROR(_xlfn.LOGNORM.DIST($D12,Parameter!$E$6,Parameter!$E$7,TRUE),0) -> 0.16517668 | S12: 0.086316177 | T12: 0.098920914 | U12: 0.19739432 | V12: 0.22864746 | W12: 0.1190855 | X12: 0.13696186 | Y12: 0.089006372 | Z12: 0.12586968 | AA12: 0.19203618 | AB12: 0.21404724 | AC12: 0.14757987 | AD12: 0.14615148 | AE12: 0.15242288 | AF12: 0.18184218 | AG12: 0.2003825 | AH12: 0.16075586 | AI12: 0.09474182 | AJ12: 0.10512037 | AK12: 0.16757647 | AL12: 0.13341336 | AM12: 0.091663108 | AN12: 0.22909211 | AO12: 0.11519063 | AP12: 0.14887787 | AQ12: 0.13282214 | AR12: 0.1557078 | AS12: 0.15439131 | AT12: 0.18749765 | AU12: 0.22700134 | AV12: 0.18277192 | AW12: 0.15432657 | AX12: 0.10084063 | AY12: 0.17498566 | AZ12: 0.14028321 | BA12: 0.22214402 | BB12: 0.13681421 | BC12: 0.21031545 | BD12: 0.11093124 | BE12: 0.17928047 | BF12: 0.097546698 | BG12: 0.21349532 | BH12: 0.16557965 | BI12: 0.1490861 | BJ12: 0.17946358 | BK12: 0.14051922 | BL12: 0.21625709 | BM12: 0.17769756 | BN12: 0.14875976 | BO12: 0.15876976 | BP12: 0.22321496 | BQ12: 0.14412993 | BR12: 0.13922978 | BS12: 0.13394626 | BT12: 0.2329913 | BU12: 0.080827674 | BV12: 0.25122724 | BW12: 0.1623118 | BX12: 0.22600426 | BY12: 0.19954924 | BZ12: 0.15598597 | CA12: 0.051084693 | CB12: 0.277271 | CC12: 0.18534395 | CD12: 0.19402964 | CE12: 0.16230064 | CF12: 0.14454446 | CG12: 0.1655568 | CH12: 0.087351168 | CI12: 0.086025755 | CJ12: 0.20614824 | CK12: 0.10920272 | CL12: 0.15113113 | CM12: 0.092442654 | CN12: 0.16627755 | CO12: 0.21086138 | CP12: 0.1146803 | CQ12: 0.15039481 | CR12: 0.1297426 | CS12: 0.078256897 | CT12: 0.23806204 | CU12: 0.079805444 | CV12: 0.16747801 | CW12: 0.18471442 | CX12: 0.093153088 | CY12: 0.23555567 | CZ12: 0.10409819 | DA12: 0.14095585 | DB12: 0.24098062 | DC12: 0.16125252 | DD12: 0.19214093 | DE12: 0.16921718 | DF12: 0.12586239 | DG12: 0.18642875 | DH12: 0.20146711 | DI12: 0.13706182 | DJ12: 0.12853872 | DK12: 0.11944823 | DL12: 0.089433688 | DM12: 0.115115 | DN12: 0.082878199
D13: 5 | E13: =1-IFERROR(_xlfn.LOGNORM.DIST(D13,Parameter!$G$6,Parameter!$G$7,TRUE),0) -> 0.13987388 | F13: =_xlfn.PERCENTILE.INC(S13:DN13,0.975) -> 0.21474973 | G13: =_xlfn.PERCENTILE.INC(S13:DN13,0.025) -> 0.066322224 | R13: =1-IFERROR(_xlfn.LOGNORM.DIST($D13,Parameter!$E$6,Parameter!$E$7,TRUE),0) -> 0.14584278 | S13: 0.074407559 | T13: 0.08466702 | U13: 0.1749951 | V13: 0.2085432 | W13: 0.10472492 | X13: 0.11799376 | Y13: 0.075436014 | Z13: 0.11191335 | AA13: 0.17369708 | AB13: 0.19090438 | AC13: 0.130128 | AD13: 0.12898398 | AE13: 0.13504961 | AF13: 0.16266832 | AG13: 0.17396305 | AH13: 0.14483523 | AI13: 0.081333626 | AJ13: 0.089571757 | AK13: 0.15217064 | AL13: 0.11797529 | AM13: 0.075875578 | AN13: 0.2092803 | AO13: 0.099963196 | AP13: 0.13401418 | AQ13: 0.11875982 | AR13: 0.13552948 | AS13: 0.13685639 | AT13: 0.16934214 | AU13: 0.20718397 | AV13: 0.1618596 | AW13: 0.13950008 | AX13: 0.085762249 | AY13: 0.15299666 | AZ13: 0.12415977 | BA13: 0.19756209 | BB13: 0.11913991 | BC13: 0.18733898 | BD13: 0.098300437 | BE13: 0.16060649 | BF13: 0.08172732 | BG13: 0.19023282 | BH13: 0.14872426 | BI13: 0.13342419 | BJ13: 0.16106108 | BK13: 0.12533583 | BL13: 0.19369879 | BM13: 0.15941795 | BN13: 0.12952315 | BO13: 0.14184037 | BP13: 0.20592496 | BQ13: 0.12905446 | BR13: 0.12127727 | BS13: 0.11971796 | BT13: 0.20953364 | BU13: 0.066531166 | BV13: 0.23252434 | BW13: 0.14398052 | BX13: 0.20305177 | BY13: 0.18200947 | BZ13: 0.13526985 | CA13: 0.039980812 | CB13: 0.25451994 | CC13: 0.16405391 | CD13: 0.17540781 | CE13: 0.14545922 | CF13: 0.12798096 | CG13: 0.14629752 | CH13: 0.073255006 | CI13: 0.075029682 | CJ13: 0.18727189 | CK13: 0.093189418 | CL13: 0.13215679 | CM13: 0.07924912 | CN13: 0.14973678 | CO13: 0.19115123 | CP13: 0.098065478 | CQ13: 0.13315393 | CR13: 0.11377707 | CS13: 0.065587918 | CT13: 0.21082992 | CU13: 0.066133181 | CV13: 0.15065224 | CW13: 0.16648584 | CX13: 0.0810667 | CY13: 0.21472259 | CZ13: 0.08686067 | DA13: 0.12680032 | DB13: 0.21477428 | DC13: 0.13978024 | DD13: 0.16784652 | DE13: 0.15042049 | DF13: 0.11116603 | DG13: 0.16941677 | DH13: 0.18215135 | DI13: 0.12019941 | DJ13: 0.11107393 | DK13: 0.1049229 | DL13: 0.077228977 | DM13: 0.099239575 | DN13: 0.068965964
D14: 6 | E14: =1-IFERROR(_xlfn.LOGNORM.DIST(D14,Parameter!$G$6,Parameter!$G$7,TRUE),0) -> 0.12640986 | F14: =_xlfn.PERCENTILE.INC(S14:DN14,0.975) -> 0.19668325 | G14: =_xlfn.PERCENTILE.INC(S14:DN14,0.025) -> 0.056418202 | R14: =1-IFERROR(_xlfn.LOGNORM.DIST($D14,Parameter!$E$6,Parameter!$E$7,TRUE),0) -> 0.13122131 | S14: 0.065644132 | T14: 0.074211773 | U14: 0.15794259 | V14: 0.19291847 | W14: 0.093957028 | X14: 0.10393722 | Y14: 0.065568525 | Z14: 0.10136026 | AA14: 0.15956977 | AB14: 0.1731837 | AC14: 0.11697094 | AD14: 0.11603588 | AE14: 0.12190171 | AF14: 0.14801619 | AG14: 0.15410418 | AH14: 0.13264236 | AI14: 0.071483691 | AJ14: 0.078192495 | AK14: 0.14030395 | AL14: 0.10633448 | AM14: 0.064588014 | AN14: 0.19386809 | AO14: 0.088656612 | AP14: 0.12265197 | AQ14: 0.10807731 | AR14: 0.12043169 | AS14: 0.12357895 | AT14: 0.15537584 | AU14: 0.19177875 | AV14: 0.14597899 | AW14: 0.1281287 | AX14: 0.074749594 | AY14: 0.13645176 | AZ14: 0.11198462 | BA14: 0.17875258 | BB14: 0.10594567 | BC14: 0.16976732 | BD14: 0.088788926 | BE14: 0.14632766 | BF14: 0.070304483 | BG14: 0.17243189 | BH14: 0.13583424 | BI14: 0.12149729 | BJ14: 0.14697347 | BK14: 0.11381043 | BL14: 0.17637673 | BM14: 0.14543042 | BN14: 0.1151406 | BO14: 0.1289489 | BP14: 0.19240626 | BQ14: 0.11757669 | BR14: 0.10786838 | BS14: 0.10891084 | BT14: 0.19144172 | BU14: 0.05637281 | BV14: 0.21783617 | BW14: 0.13008014 | BX14: 0.18537427 | BY14: 0.16841815 | BZ14: 0.11980735 | CA14: 0.032440153 | CB14: 0.23668418 | CC14: 0.14788645 | CD14: 0.16106427 | CE14: 0.13260286 | CF14: 0.11546372 | CG14: 0.13172405 | CH14: 0.063087257 | CI14: 0.066869002 | CJ14: 0.17267043 | CK14: 0.081450099 | CL14: 0.11792464 | CM14: 0.069570084 | CN14: 0.13706539 | CO14: 0.17591632 | CP14: 0.085857096 | CQ14: 0.12011589 | CR14: 0.10181241 | CS14: 0.056468372 | CT14: 0.19000091 | CU14: 0.056371334 | CV14: 0.13776991 | CW14: 0.15248553 | CX14: 0.072102163 | CY14: 0.19852486 | CZ14: 0.074436716 | DA14: 0.11599337 | DB14: 0.19464778 | DC14: 0.12374578 | DD14: 0.14953448 | DE14: 0.13613584 | DF14: 0.10010383 | DG14: 0.15628157 | DH14: 0.1672603 | DI14: 0.10755027 | DJ14: 0.098120026 | DK14: 0.094039683 | DL14: 0.068232104 | DM14: 0.087506648 | DN14: 0.058996313
D15: 7 | E15: =1-IFERROR(_xlfn.LOGNORM.DIST(D15,Parameter!$G$6,Parameter!$G$7,TRUE),0) -> 0.11575276 | F15: =_xlfn.PERCENTILE.INC(S15:DN15,0.975) -> 0.18351674 | G15: =_xlfn.PERCENTILE.INC(S15:DN15,0.025) -> 0.049287373 | R15: =1-IFERROR(_xlfn.LOGNORM.DIST($D15,Parameter!$E$6,Parameter!$E$7,TRUE),0) -> 0.11967514 | S15: 0.058878084 | T15: 0.066166916 | U15: 0.144406 | V15: 0.18028224 | W15: 0.085509382 | X15: 0.093034335 | Y15: 0.058033066 | Z15: 0.0930192 | AA15: 0.14822916 | AB15: 0.15904691 | AC15: 0.10660582 | AD15: 0.10583103 | AE15: 0.11150873 | AF15: 0.13633876 | AG15: 0.13853172 | AH15: 0.12290043 | AI15: 0.063892895 | AJ15: 0.069456781 | AK15: 0.13077405 | AL15: 0.097158861 | AM15: 0.056101562 | AN15: 0.18139267 | AO15: 0.079864152 | AP15: 0.11358687 | AQ15: 0.099599889 | AR15: 0.10862391 | AS15: 0.11307887 | AT15: 0.14417787 | AU15: 0.17931698 | AV15: 0.13339672 | AW15: 0.11902994 | AX15: 0.066309644 | AY15: 0.123453 | AZ15: 0.1023769 | BA15: 0.163761 | BB15: 0.095641752 | BC15: 0.15576413 | BD15: 0.081296397 | BE15: 0.13494057 | BF15: 0.061640161 | BG15: 0.15823943 | BH15: 0.12555005 | BI15: 0.11201464 | BJ15: 0.13572681 | BK15: 0.10467198 | BL15: 0.16252167 | BM15: 0.13426765 | BN15: 0.10389724 | BO15: 0.11870215 | BP15: 0.18141062 | BQ15: 0.10845194 | BR15: 0.097392642 | BS15: 0.10033581 | BT15: 0.17691744 | BU15: 0.048774318 | BV15: 0.20584603 | BW15: 0.11907521 | BX15: 0.17119876 | BY15: 0.15745 | BZ15: 0.10774197 | CA15: 0.027017884 | CB15: 0.2221572 | CC15: 0.13507791 | CD15: 0.14955175 | CE15: 0.12236156 | CF15: 0.10558008 | CG15: 0.12020972 | CH15: 0.055378731 | CI15: 0.060520084 | CJ15: 0.16090778 | CK15: 0.072425336 | CL15: 0.10676646 | CM15: 0.0621196 | CN15: 0.1269397 | CO15: 0.16365331 | CP15: 0.076453857 | CQ15: 0.10981619 | CR15: 0.09243348 | CS15: 0.049564544 | CT15: 0.17341564 | CU15: 0.049036599 | CV15: 0.12748135 | CW15: 0.141276 | CX15: 0.065133045 | CY15: 0.18542228 | CZ15: 0.065032073 | DA15: 0.10737995 | DB15: 0.17855992 | DC15: 0.11123102 | DD15: 0.13513217 | DE15: 0.12480581 | DF15: 0.091396429 | DG15: 0.1457137 | DH15: 0.15530065 | DI15: 0.097628051 | DJ15: 0.088061066 | DK15: 0.08550749 | DL15: 0.061275686 | DM15: 0.078421465 | DN15: 0.051481457
D16: 8 | E16: =1-IFERROR(_xlfn.LOGNORM.DIST(D16,Parameter!$G$6,Parameter!$G$7,TRUE),0) -> 0.10705045 | F16: =_xlfn.PERCENTILE.INC(S16:DN16,0.975) -> 0.17342161 | G16: =_xlfn.PERCENTILE.INC(S16:DN16,0.025) -> 0.043710489 | R16: =1-IFERROR(_xlfn.LOGNORM.DIST($D16,Parameter!$E$6,Parameter!$E$7,TRUE),0) -> 0.11026862 | S16: 0.053470575 | T16: 0.059759268 | U16: 0.13333062 | V16: 0.16976651 | W16: 0.078662895 | X16: 0.084293729 | Y16: 0.052071173 | Z16: 0.086213557 | AA16: 0.13885201 | AB16: 0.14743008 | AC16: 0.098177312 | AD16: 0.097529351 | AE16: 0.10303181 | AF16: 0.12674616 | AG16: 0.12593862 | AH16: 0.11487655 | AI16: 0.057837719 | AJ16: 0.062514711 | AK16: 0.1228885 | AL16: 0.089691982 | AM16: 0.049483858 | AN16: 0.17100217 | AO16: 0.07279514 | AP16: 0.10612919 | AQ16: 0.092658158 | AR16: 0.099088702 | AS16: 0.10451135 | AT16: 0.13492835 | AU16: 0.1689438 | AV16: 0.12311766 | AW16: 0.11152518 | AX16: 0.059612351 | AY16: 0.11291552 | AZ16: 0.094551119 | BA16: 0.15145453 | BB16: 0.087328884 | BC16: 0.14426768 | BD16: 0.075200429 | BE16: 0.12558059 | BF16: 0.054829543 | BG16: 0.14658323 | BH16: 0.11709132 | BI16: 0.10423829 | BJ16: 0.12647309 | BK16: 0.097195746 | BL16: 0.15110859 | BM16: 0.12508573 | BN16: 0.094820221 | BO16: 0.11030256 | BP16: 0.17221063 | BQ16: 0.10096919 | BR16: 0.088938449 | BS16: 0.093315219 | BT16: 0.16491496 | BU16: 0.042874788 | BV16: 0.19578325 | BW16: 0.11008775 | BX16: 0.15949557 | BY16: 0.14833717 | BZ16: 0.098019614 | CA16: 0.022953136 | CB16: 0.20999542 | CC16: 0.12461529 | CD16: 0.14003402 | CE16: 0.11394986 | CF16: 0.097525658 | CG16: 0.1108246 | CH16: 0.04932029 | CI16: 0.055410541 | CJ16: 0.15115162 | CK16: 0.065245028 | CL16: 0.097734219 | CM16: 0.056182317 | CN16: 0.1185993 | CO16: 0.15349052 | CP16: 0.068960282 | CQ16: 0.10141993 | CR16: 0.084839383 | CS16: 0.044144282 | CT16: 0.15981818 | CU16: 0.043318009 | CV16: 0.11901125 | CW16: 0.1320286 | CX16: 0.059528959 | CY16: 0.17451725 | CZ16: 0.057654907 | DA16: 0.10029964 | DB16: 0.16532221 | DC16: 0.10114548 | DD16: 0.12344989 | DE16: 0.1155381 | DF16: 0.084318721 | DG16: 0.13695667 | DH16: 0.14540845 | DI16: 0.089590151 | DJ16: 0.079986969 | DK16: 0.078596933 | DL16: 0.055709012 | DM16: 0.07114576 | DN16: 0.045605739
D17: 9 | E17: =1-IFERROR(_xlfn.LOGNORM.DIST(D17,Parameter!$G$6,Parameter!$G$7,TRUE),0) -> 0.099774931 | F17: =_xlfn.PERCENTILE.INC(S17:DN17,0.975) -> 0.16481803 | G17: =_xlfn.PERCENTILE.INC(S17:DN17,0.025) -> 0.039225078 | R17: =1-IFERROR(_xlfn.LOGNORM.DIST($D17,Parameter!$E$6,Parameter!$E$7,TRUE),0) -> 0.10242207 | S17: 0.04903449 | T17: 0.054520348 | U17: 0.12405874 | V17: 0.16082447 | W17: 0.072976022 | X17: 0.077108652 | Y17: 0.047225959 | Z17: 0.080525881 | AA17: 0.13092315 | AB17: 0.13766708 | AC17: 0.091157277 | AD17: 0.090612113 | AE17: 0.095951837 | AF17: 0.11868375 | AG17: 0.11551272 | AH17: 0.10811446 | AI17: 0.05287967 | AJ17: 0.056851456 | AK17: 0.11621495 | AL17: 0.083467424 | AM17: 0.044177917 | AN17: 0.1621598 | AO17: 0.066966587 | AP17: 0.099850359 | AQ17: 0.08683796 | AR17: 0.091199153 | AS17: 0.097353348 | AT17: 0.12711467 | AU17: 0.16012074 | AV17: 0.11452295 | AW17: 0.10519191 | AX17: 0.05415573 | AY17: 0.10416764 | AZ17: 0.088022289 | BA17: 0.14112325 | BB17: 0.080454886 | BC17: 0.13461378 | BD17: 0.070118336 | BE17: 0.11770886 | BF17: 0.049328836 | BG17: 0.13679214 | BH17: 0.10997233 | BI17: 0.097710501 | BJ17: 0.1186835 | BK17: 0.090933143 | BL17: 0.14149499 | BM17: 0.11735862 | BN17: 0.087310845 | BO17: 0.10325494 | BP17: 0.16434741 | BQ17: 0.094687586 | BR17: 0.081945751 | BS17: 0.087429799 | BT17: 0.1547765 | BU17: 0.038162557 | BV17: 0.18715985 | BW17: 0.10257339 | BX17: 0.14961791 | BY17: 0.14059772 | BZ17: 0.089991437 | CA17: 0.01980766 | CB17: 0.19960002 | CC17: 0.1158684 | CD17: 0.13198768 | CE17: 0.10687937 | CF17: 0.090803398 | CG17: 0.10299239 | CH17: 0.044426684 | CI17: 0.051191975 | CJ17: 0.1428796 | CK17: 0.059381368 | CL17: 0.090243553 | CM17: 0.051325127 | CN17: 0.1115705 | CO17: 0.14488077 | CP17: 0.062832148 | CQ17: 0.094410702 | CR17: 0.078537904 | CS17: 0.039769596 | CT17: 0.14841959 | CU17: 0.038732418 | CV17: 0.11187674 | CW17: 0.12422567 | CX17: 0.054906022 | CY17: 0.16524383 | CZ17: 0.051709036 | DA17: 0.094342579 | DB17: 0.15418707 | DC17: 0.092817291 | DD17: 0.11374878 | DE17: 0.10777853 | DF17: 0.078424333 | DG17: 0.12953686 | DH17: 0.13704233 | DI17: 0.082918052 | DJ17: 0.073341143 | DK17: 0.072860287 | DL17: 0.051137262 | DM17: 0.065168629 | DN17: 0.040882024
D18: 10 | E18: =1-IFERROR(_xlfn.LOGNORM.DIST(D18,Parameter!$G$6,Parameter!$G$7,TRUE),0) -> 0.093578816 | F18: =_xlfn.PERCENTILE.INC(S18:DN18,0.975) -> 0.15737619 | G18: =_xlfn.PERCENTILE.INC(S18:DN18,0.025) -> 0.035537474 | R18: =1-IFERROR(_xlfn.LOGNORM.DIST($D18,Parameter!$E$6,Parameter!$E$7,TRUE),0) -> 0.095754244 | S18: 0.045320058 | T18: 0.050148053 | U18: 0.11615545 | V18: 0.153091 | W18: 0.068160514 | X18: 0.071084553 | Y18: 0.043204349 | Z18: 0.075682451 | AA18: 0.12410053 | AB18: 0.12931586 | AC18: 0.085199325 | AD18: 0.084739073 | AE18: 0.089927656 | AF18: 0.11178475 | AG18: 0.10671934 | AH18: 0.10231261 | AI18: 0.048735874 | AJ18: 0.052135207 | AK18: 0.11046679 | AL18: 0.078179587 | AM18: 0.039829409 | AN18: 0.15450697 | AO18: 0.062064742 | AP18: 0.094467569 | AQ18: 0.081867023 | AR18: 0.084545171 | AS18: 0.091260997 | AT18: 0.1203968 | AU18: 0.15248824 | AV18: 0.1072043 | AW18: 0.099750786 | AX18: 0.049616702 | AY18: 0.096768182 | AZ18: 0.082472269 | BA18: 0.1322958 | BB18: 0.07465951 | BC18: 0.12636203 | BD18: 0.065799925 | BE18: 0.11096897 | BF18: 0.044790145 | BG18: 0.12842088 | BH18: 0.10387211 | BI18: 0.09212968 | BJ18: 0.11200815 | BK18: 0.085589237 | BL18: 0.133254 | BM18: 0.11073836 | BN18: 0.080977853 | BO18: 0.097232834 | BP18: 0.15751399 | BQ18: 0.089316834 | BR18: 0.076049002 | BS18: 0.082403911 | BT18: 0.14606377 | BU18: 0.034313557 | BV18: 0.17964837 | BW18: 0.096173782 | BX18: 0.14113531 | BY18: 0.13391083 | BZ18: 0.083233418 | CA18: 0.017311657 | CB18: 0.19056863 | CC18: 0.10842141 | CD18: 0.1250652 | CE18: 0.10082773 | CF18: 0.085087036 | CG18: 0.096333974 | CH18: 0.040387964 | CI18: 0.047638636 | CJ18: 0.13574404 | CK18: 0.054493769 | CL18: 0.083911933 | CM18: 0.047268875 | CN18: 0.10554009 | CO18: 0.13745984 | CP18: 0.057717703 | CQ18: 0.088449295 | CR18: 0.073207537 | CS18: 0.036161277 | CT18: 0.13869524 | CU18: 0.034973081 | CV18: 0.10575855 | CW18: 0.11752414 | CX18: 0.051015434 | CY18: 0.15722388 | CZ18: 0.046813137 | DA18: 0.089238582 | DB18: 0.14465661 | DC18: 0.085807066 | DD18: 0.10554231 | DE18: 0.10116178 | DF18: 0.073421194 | DG18: 0.12313968 | DH18: 0.12984254 | DI18: 0.077272721 | DJ18: 0.067761793 | DK18: 0.068005365 | DL18: 0.047305411 | DM18: 0.060158927 | DN18: 0.037000346
D19: 11 | E19: =1-IFERROR(_xlfn.LOGNORM.DIST(D19,Parameter!$G$6,Parameter!$G$7,TRUE),0) -> 0.088222764 | F19: =_xlfn.PERCENTILE.INC(S19:DN19,0.975) -> 0.15087695 | G19: =_xlfn.PERCENTILE.INC(S19:DN19,0.025) -> 0.032451486 | R19: =1-IFERROR(_xlfn.LOGNORM.DIST($D19,Parameter!$E$6,Parameter!$E$7,TRUE),0) -> 0.0900026 | S19: 0.042158143 | T19: 0.04643798 | U19: 0.10931986 | V19: 0.14631109 | W19: 0.064019105 | X19: 0.065952578 | Y19: 0.039809002 | Z19: 0.071495166 | AA19: 0.1181465 | AB19: 0.1220696 | AC19: 0.080065472 | AD19: 0.079676443 | AE19: 0.084724427 | AF19: 0.10579524 | AG19: 0.099190283 | AH19: 0.097262287 | AI19: 0.045214847 | AJ19: 0.048141619 | AK19: 0.10544511 | AL19: 0.07361865 | AM19: 0.036201684 | AN19: 0.14779317 | AO19: 0.057875898 | AP19: 0.089785324 | AQ19: 0.077557797 | AR19: 0.078845791 | AS19: 0.085997516 | AT19: 0.11453869 | AU19: 0.14579521 | AV19: 0.10087976 | AW19: 0.095008427 | AX19: 0.045777098 | AY19: 0.090413765 | AZ19: 0.077682415 | BA19: 0.12464492 | BB19: 0.069696472 | BC19: 0.11920694 | BD19: 0.062073703 | BE19: 0.1051142 | BF19: 0.040979888 | BG19: 0.12116051 | BH19: 0.098568619 | BI19: 0.087287709 | BJ19: 0.10620471 | BK19: 0.080960858 | BL19: 0.12608899 | BM19: 0.10498402 | BN19: 0.075553382 | BO19: 0.092010844 | BP19: 0.15149559 | BQ19: 0.084656653 | BR19: 0.070998201 | BS19: 0.078047689 | BT19: 0.13847141 | BU19: 0.031112186 | BV19: 0.17301907 | BW19: 0.09064193 | BX19: 0.13374809 | BY19: 0.12805298 | BZ19: 0.077455352 | CA19: 0.015290242 | CB19: 0.18261866 | CC19: 0.10198709 | CD19: 0.11902511 | CE19: 0.095572078 | CF19: 0.080152213 | CG19: 0.090588202 | CH19: 0.036996269 | CI19: 0.04459703 | CJ19: 0.12950283 | CK19: 0.050351704 | CL19: 0.078477072 | CM19: 0.043824743 | CN19: 0.10029118 | CO19: 0.13097412 | CP19: 0.053378526 | CQ19: 0.083302311 | CR19: 0.068628189 | CS19: 0.033132381 | CT19: 0.1302805 | CU19: 0.031835437 | CV19: 0.10043567 | CW19: 0.111686 | CX19: 0.047688015 | CY19: 0.15019318 | CZ19: 0.042711297 | DA19: 0.084801055 | DB19: 0.13638424 | DC19: 0.079813922 | DD19: 0.09849532 | DE19: 0.095435728 | DF19: 0.069109004 | DG19: 0.11754641 | DH19: 0.12355895 | DI19: 0.072421874 | DJ19: 0.063002417 | DK19: 0.06383227 | DL19: 0.044040588 | DM19: 0.055891586 | DN19: 0.033753573
... D108: 100 | E108: =1-IFERROR(_xlfn.LOGNORM.DIST(D108,Parameter!$G$6,Parameter!$G$7,TRUE),0) -> 0.017422914 | F108: =_xlfn.PERCENTILE.INC(S108:DN108,0.975) -> 0.048583834 | G108: =_xlfn.PERCENTILE.INC(S108:DN108,0.025) -> 0.0023779193 | R108: =1-IFERROR(_xlfn.LOGNORM.DIST($D108,Parameter!$E$6,Parameter!$E$7,TRUE),0) -> 0.016086535 | S108: 0.0059201253 | T108: 0.0055861824 | U108: 0.019817782 | V108: 0.042103272 | W108: 0.011640309 | X108: 0.0080460037 | Y108: 0.0041599979 | Z108: 0.015388568 | AA108: 0.030798149 | AB108: 0.02402473 | AC108: 0.014435118 | AD108: 0.014627503 | AE108: 0.016460837 | AF108: 0.023136342 | AG108: 0.011936501 | AH108: 0.024713514 | AI108: 0.00579278 | AJ108: 0.0052595872 | AK108: 0.030185466 | AL108: 0.014300039 | AM108: 0.0024514388 | AN108: 0.043680016 | AO108: 0.0084753019 | AP108: 0.022833622 | AQ108: 0.018088992 | AR108: 0.011097329 | AS108: 0.016783506 | AT108: 0.029290129 | AU108: 0.042529453 | AV108: 0.01841715 | AW108: 0.025665448 | AX108: 0.0048985962 | AY108: 0.013250909 | AZ108: 0.015132656 | BA108: 0.022927714 | BB108: 0.010322224 | BC108: 0.023064312 | BD108: 0.012970025 | BE108: 0.023654828 | BF108: 0.0033874305 | BG108: 0.023454518 | BH108: 0.023653149 | BI108: 0.020184362 | BJ108: 0.024646612 | BK108: 0.017940243 | BL108: 0.026743297 | BM108: 0.024272729 | BN108: 0.010865612 | BO108: 0.02036722 | BP108: 0.053020622 | BQ108: 0.019881401 | BR108: 0.01051061 | BS108: 0.018058699 | BT108: 0.03082872 | BU108: 0.0019904465 | BV108: 0.062382906 | BW108: 0.017669526 | BX108: 0.029558688 | BY108: 0.038058695 | BZ108: 0.010174485 | CA108: 0.00045870299 | CB108: 0.055739943 | CC108: 0.018362071 | CD108: 0.030674498 | CE108: 0.022208561 | CF108: 0.015601196 | CG108: 0.01641552 | CH108: 0.0032285516 | CI108: 0.0075809247 | CJ108: 0.035716044 | CK108: 0.005581927 | CL108: 0.012135302 | CM108: 0.0055175622 | CN108: 0.025097592 | CO108: 0.034650494 | CP108: 0.0060436352 | CQ108: 0.016036005 | CR108: 0.011656384 | CS108: 0.0029573581 | CT108: 0.02142546 | CU108: 0.0023114015 | CV108: 0.024640111 | CW108: 0.027683551 | CX108: 0.0076986516 | CY108: 0.042464386 | CZ108: 0.0031950729 | DA108: 0.021562097 | DB108: 0.025265739 | DC108: 0.010273541 | DD108: 0.013660516 | DE108: 0.019071647 | DF108: 0.013337844 | DG108: 0.033352471 | DH108: 0.031601758 | DI108: 0.012128434 | DJ108: 0.0082947641 | DK108: 0.011377557 | DL108: 0.006314297 | DM108: 0.0072989571 | DN108: 0.0026079025
